expertise,rank
Computer Science,Professor
Computer Science,Professor
Physics,Professor
Computer Science,Associate Professor
Physics,Associate Professor
Physics,Professor
Physics,Professor
Physics,Professor
Physics,Assistant Professor
Physics,Assistant Professor
Mathematics,Professor
Computer Science,Assistant Professor
Computer Science,Assistant Professor
Physics,Assistant Professor
Computer Science,Associate Professor
Computer Science,Associate Professor
Physics,Associate Professor
Physics,Professor
Mathematics,Associate Professor
Mathematics,Associate Professor
Mathematics,Professor
Computer Science,Assistant Professor
Mathematics,Associate Professor
Computer Science,Assistant Professor
Physics,Associate Professor
Computer Science,Professor
Mathematics,Assistant Professor
Computer Science,Associate Professor
Physics,Assistant Professor
Mathematics,Professor
Computer Science,Professor
Mathematics,Professor
Physics,Assistant Professor
Physics,Associate Professor
Computer Science,Professor
Physics,Professor
Mathematics,Assistant Professor
Computer Science,Assistant Professor
Computer Science,Associate Professor
Mathematics,Professor
Physics,Associate Professor
Mathematics,Professor
Physics,Assistant Professor
Physics,Associate Professor
Physics,Associate Professor
Physics,Associate Professor
Mathematics,Associate Professor
Physics,Assistant Professor
Physics,Associate Professor
Physics,Assistant Professor
Computer Science,Associate Professor
Computer Science,Professor
Physics,Associate Professor
Physics,Professor
Mathematics,Professor
Computer Science,Professor
Computer Science,Assistant Professor
Physics,Associate Professor
Mathematics,Associate Professor
Physics,Assistant Professor
Computer Science,Assistant Professor
Computer Science,Assistant Professor
Physics,Associate Professor
Mathematics,Professor
Mathematics,Associate Professor
Computer Science,Professor
Physics,Professor
Physics,Professor
Physics,Assistant Professor
Physics,Professor
Physics,Professor
Mathematics,Assistant Professor
Mathematics,Professor
Computer Science,Assistant Professor
Computer Science,Associate Professor
Physics,Assistant Professor
Physics,Assistant Professor
Mathematics,Professor
Computer Science,Professor
Physics,Associate Professor
Computer Science,Associate Professor
Physics,Associate Professor
Physics,Associate Professor
Physics,Assistant Professor
Mathematics,Assistant Professor
Computer Science,Professor
Physics,Associate Professor
Physics,Professor
Computer Science,Professor
Computer Science,Associate Professor
Mathematics,Professor
Physics,Associate Professor
Computer Science,Professor
Physics,Assistant Professor
Mathematics,Professor
Physics,Professor
Mathematics,Professor
Mathematics,Associate Professor
Computer Science,Professor
Computer Science,Assistant Professor
